{"cameraMode":{"drawMode":0,"name":"Shaded","section":"Shading Mode"},"sceneLighting":true,"audioPlay":false,"sceneViewState":{"m_AlwaysRefresh":false,"showFog":true,"showSkybox":true,"showFlares":true,"showImageEffects":true,"showParticleSystems":true,"showVisualEffectGraphs":true,"m_FxEnabled":true},"in2DMode":false,"pivot":{"x":8.014699935913086,"y":6.056957244873047,"z":3.477193832397461},"rotation":{"x":0.014091351069509983,"y":-0.7396886348724365,"z":0.015567059628665448,"w":0.6726856231689453},"size":12.571830749511719,"orthographic":false}